ts_utc,date_utc,time_utc,volume,range_pips
2020-02-21 14:45:00+0000,2020-02-21,14:45,2967.5200000000023,28.6
2020-02-28 19:30:00+0000,2020-02-28,19:30,2134.2900000000086,34.6
2020-03-02 13:40:00+0000,2020-03-02,13:40,2671.6300000000215,29.2
2020-03-03 15:00:00+0000,2020-03-03,15:00,4092.3699999999862,60.8
2020-03-03 15:15:00+0000,2020-03-03,15:15,4066.0600000000527,36.5
2020-03-06 15:25:00+0000,2020-03-06,15:25,2925.350000000019,37.6
2020-03-09 01:45:00+0000,2020-03-09,01:45,1608.1100000000056,69.2
2020-03-09 01:50:00+0000,2020-03-09,01:50,4305.060000000007,86.4
2020-03-09 02:10:00+0000,2020-03-09,02:10,1694.0599999999902,36.8
2020-03-09 07:05:00+0000,2020-03-09,07:05,1673.020000000007,30.1
2020-03-09 07:50:00+0000,2020-03-09,07:50,960.6400000000164,27.4
2020-03-09 08:35:00+0000,2020-03-09,08:35,2248.639999999992,25.5
2020-03-09 13:40:00+0000,2020-03-09,13:40,2008.6500000000108,26.9
2020-03-09 13:45:00+0000,2020-03-09,13:45,3019.029999999989,58.7
2020-03-09 13:50:00+0000,2020-03-09,13:50,2981.560000000004,53.3
2020-03-09 14:00:00+0000,2020-03-09,14:00,2465.5600000000113,32.4
2020-03-09 14:05:00+0000,2020-03-09,14:05,2193.369999999999,32.2
2020-03-09 16:30:00+0000,2020-03-09,16:30,2015.4800000000157,27.5
2020-03-09 18:10:00+0000,2020-03-09,18:10,1169.4200000000094,25.8
2020-03-09 18:30:00+0000,2020-03-09,18:30,953.6100000000132,26.6
2020-03-10 12:05:00+0000,2020-03-10,12:05,2015.810000000004,26.2
2020-03-10 15:55:00+0000,2020-03-10,15:55,2515.3500000000085,28.2
2020-03-10 16:15:00+0000,2020-03-10,16:15,2178.0699999999983,26.9
2020-03-12 08:20:00+0000,2020-03-12,08:20,1176.1600000000126,29.8
2020-03-12 12:25:00+0000,2020-03-12,12:25,2167.209999999994,40.1
2020-03-12 12:45:00+0000,2020-03-12,12:45,3009.5399999999895,80.1
2020-03-12 12:50:00+0000,2020-03-12,12:50,2504.1500000000183,52.6
2020-03-12 12:55:00+0000,2020-03-12,12:55,2433.400000000001,52.2
2020-03-12 13:00:00+0000,2020-03-12,13:00,2151.3499999999704,29.4
2020-03-12 13:05:00+0000,2020-03-12,13:05,1690.0500000000145,27.4
2020-03-12 13:15:00+0000,2020-03-12,13:15,1624.9200000000046,29.7
2020-03-12 13:25:00+0000,2020-03-12,13:25,1137.689999999999,29.0
2020-03-12 13:40:00+0000,2020-03-12,13:40,1231.6000000000054,28.3
2020-03-12 13:45:00+0000,2020-03-12,13:45,1410.8700000000067,25.6
2020-03-12 14:00:00+0000,2020-03-12,14:00,2035.9300000000185,41.1
2020-03-12 14:05:00+0000,2020-03-12,14:05,2441.6299999999856,31.4
2020-03-12 14:10:00+0000,2020-03-12,14:10,2668.8800000000033,36.4
2020-03-12 14:20:00+0000,2020-03-12,14:20,2607.650000000019,33.0
2020-03-12 14:30:00+0000,2020-03-12,14:30,1529.2300000000168,28.2
2020-03-12 15:15:00+0000,2020-03-12,15:15,2010.8900000000276,28.4
2020-03-12 16:00:00+0000,2020-03-12,16:00,1991.5400000000047,27.9
2020-03-12 16:10:00+0000,2020-03-12,16:10,1998.140000000013,28.6
2020-03-12 16:50:00+0000,2020-03-12,16:50,1998.3499999999924,46.4
2020-03-12 16:55:00+0000,2020-03-12,16:55,2961.269999999989,48.0
2020-03-12 17:10:00+0000,2020-03-12,17:10,1704.0100000000025,26.9
2020-03-12 17:25:00+0000,2020-03-12,17:25,1430.8399999999726,26.7
2020-03-12 18:05:00+0000,2020-03-12,18:05,724.1600000000071,27.0
2020-03-12 18:25:00+0000,2020-03-12,18:25,918.950000000002,30.5
2020-03-12 20:25:00+0000,2020-03-12,20:25,871.2600000000034,35.3
2020-03-13 12:00:00+0000,2020-03-13,12:00,2097.0800000000013,32.6
2020-03-13 15:55:00+0000,2020-03-13,15:55,1860.6200000000076,42.9
2020-03-13 19:55:00+0000,2020-03-13,19:55,524.645000000003,44.3
2020-03-15 21:00:00+0000,2020-03-15,21:00,115.87,66.9
2020-03-15 21:05:00+0000,2020-03-15,21:05,139.93999999999983,31.0
2020-03-15 21:15:00+0000,2020-03-15,21:15,80.36739999999999,37.3
2020-03-15 21:20:00+0000,2020-03-15,21:20,111.77199999999986,31.5
2020-03-15 22:15:00+0000,2020-03-15,22:15,1027.8487000000007,38.6
2020-03-15 22:45:00+0000,2020-03-15,22:45,1440.3392000000017,28.1
2020-03-15 23:50:00+0000,2020-03-15,23:50,741.468000000011,28.7
2020-03-16 00:00:00+0000,2020-03-16,00:00,1573.459999999964,27.5
2020-03-16 10:20:00+0000,2020-03-16,10:20,1617.870000000006,29.4
2020-03-16 10:25:00+0000,2020-03-16,10:25,1739.5800000000024,29.8
2020-03-16 12:35:00+0000,2020-03-16,12:35,1846.650000000024,25.6
2020-03-16 13:50:00+0000,2020-03-16,13:50,4115.980000000002,28.0
2020-03-16 14:10:00+0000,2020-03-16,14:10,2592.8400000000006,34.1
2020-03-17 10:45:00+0000,2020-03-17,10:45,1188.720000000014,25.7
2020-03-17 14:25:00+0000,2020-03-17,14:25,2233.6100000000147,37.7
2020-03-17 14:45:00+0000,2020-03-17,14:45,5936.9399999999905,27.2
2020-03-18 12:55:00+0000,2020-03-18,12:55,33585.7900000005,33.8
2020-03-18 15:00:00+0000,2020-03-18,15:00,1856.3400000000108,26.4
2020-03-18 15:55:00+0000,2020-03-18,15:55,2294.7700000000223,25.8
2020-03-18 16:50:00+0000,2020-03-18,16:50,1599.7299999999989,25.8
2020-03-18 18:20:00+0000,2020-03-18,18:20,1631.8699999999992,28.7
2020-03-18 22:50:00+0000,2020-03-18,22:50,783.7600000000008,27.0
2020-03-18 23:00:00+0000,2020-03-18,23:00,1610.6200000000213,50.6
2020-03-18 23:05:00+0000,2020-03-18,23:05,1153.180000000012,43.5
2020-03-18 23:40:00+0000,2020-03-18,23:40,908.6300000000136,26.5
2020-03-18 23:55:00+0000,2020-03-18,23:55,801.4300000000037,31.3
2020-03-19 00:30:00+0000,2020-03-19,00:30,885.8300000000067,25.1
2020-03-19 02:55:00+0000,2020-03-19,02:55,948.9700000000043,30.7
2020-03-19 03:30:00+0000,2020-03-19,03:30,1162.9400000000053,27.2
2020-03-19 06:45:00+0000,2020-03-19,06:45,1487.8199999999956,25.7
2020-03-19 08:05:00+0000,2020-03-19,08:05,1591.8800000000117,38.4
2020-03-19 08:15:00+0000,2020-03-19,08:15,1685.861500000016,43.0
2020-03-19 08:20:00+0000,2020-03-19,08:20,1297.9100000000285,27.0
2020-03-19 08:55:00+0000,2020-03-19,08:55,966.8700000000034,25.7
2020-03-19 09:35:00+0000,2020-03-19,09:35,986.100000000014,25.3
2020-03-19 11:20:00+0000,2020-03-19,11:20,794.1200000000108,27.6
2020-03-19 11:30:00+0000,2020-03-19,11:30,1368.409999999979,33.1
2020-03-19 11:35:00+0000,2020-03-19,11:35,1685.6600000000155,33.0
2020-03-19 12:50:00+0000,2020-03-19,12:50,2700.1399999999917,47.3
2020-03-19 12:55:00+0000,2020-03-19,12:55,2542.100000000022,50.9
2020-03-19 13:00:00+0000,2020-03-19,13:00,2694.860000000026,35.7
2020-03-19 13:05:00+0000,2020-03-19,13:05,2128.5000000000255,25.2
2020-03-19 13:10:00+0000,2020-03-19,13:10,2746.7200000000153,26.9
2020-03-19 13:20:00+0000,2020-03-19,13:20,2289.40000000001,32.4
2020-03-19 15:35:00+0000,2020-03-19,15:35,2261.580000000011,33.3
2020-03-19 15:55:00+0000,2020-03-19,15:55,2501.830000000025,50.4
2020-03-19 16:25:00+0000,2020-03-19,16:25,2199.6099999999997,30.3
2020-03-20 02:00:00+0000,2020-03-20,02:00,1100.3999999999996,27.2
2020-03-20 07:25:00+0000,2020-03-20,07:25,1576.1099999999972,27.0
2020-03-20 08:00:00+0000,2020-03-20,08:00,2245.080000000019,32.6
2020-03-20 09:40:00+0000,2020-03-20,09:40,1543.1900000000262,26.1
2020-03-20 14:00:00+0000,2020-03-20,14:00,4276.010000000029,40.4
2020-03-20 14:15:00+0000,2020-03-20,14:15,3373.25000000002,37.8
2020-03-20 15:50:00+0000,2020-03-20,15:50,3118.850000000022,32.8
2020-03-20 15:55:00+0000,2020-03-20,15:55,13207.549999999965,34.9
2020-03-20 16:00:00+0000,2020-03-20,16:00,38214.15552900104,37.5
2020-03-22 22:35:00+0000,2020-03-22,22:35,2988.500000000025,26.6
2020-03-23 00:50:00+0000,2020-03-23,00:50,1836.090000000006,32.0
2020-03-23 06:55:00+0000,2020-03-23,06:55,1559.170000000012,31.6
2020-03-23 12:00:00+0000,2020-03-23,12:00,5427.6299999999155,49.2
2020-03-23 12:15:00+0000,2020-03-23,12:15,5555.509999999943,44.0
2020-03-23 12:20:00+0000,2020-03-23,12:20,8419.329999999862,25.3
2020-03-23 12:25:00+0000,2020-03-23,12:25,4986.099999999988,27.6
2020-03-23 12:30:00+0000,2020-03-23,12:30,6207.2699999999195,28.0
2020-03-23 12:35:00+0000,2020-03-23,12:35,6314.409999999925,26.6
2020-03-23 12:50:00+0000,2020-03-23,12:50,5558.139999999971,33.9
2020-03-23 13:20:00+0000,2020-03-23,13:20,3109.7200000000544,27.1
2020-03-23 13:40:00+0000,2020-03-23,13:40,4439.340000000002,29.3
2020-03-23 13:55:00+0000,2020-03-23,13:55,3393.4700000000216,32.1
2020-03-24 00:50:00+0000,2020-03-24,00:50,1468.6600000000212,30.2
2020-03-24 06:45:00+0000,2020-03-24,06:45,1279.6600000000187,45.4
2020-03-24 06:50:00+0000,2020-03-24,06:50,1348.6500000000076,25.2
2020-03-24 06:55:00+0000,2020-03-24,06:55,923.5800000000118,26.4
2020-03-24 13:35:00+0000,2020-03-24,13:35,3112.700000000037,33.2
2020-03-24 13:45:00+0000,2020-03-24,13:45,3893.830000000025,26.7
2020-03-25 00:50:00+0000,2020-03-25,00:50,1832.330000000018,28.7
2020-03-25 15:55:00+0000,2020-03-25,15:55,3193.010000000009,42.2
2020-03-26 12:30:00+0000,2020-03-26,12:30,3712.069999999995,30.9
2020-03-26 12:55:00+0000,2020-03-26,12:55,2705.210000000008,28.1
2020-03-26 14:55:00+0000,2020-03-26,14:55,2445.0799999999967,31.5
2020-03-27 16:15:00+0000,2020-03-27,16:15,2381.829999999989,28.1
2020-03-31 00:50:00+0000,2020-03-31,00:50,1513.1600000000208,40.3
2020-03-31 00:55:00+0000,2020-03-31,00:55,2012.6300000000049,36.0
2020-03-31 12:30:00+0000,2020-03-31,12:30,3876.4500000000185,28.2
2020-03-31 14:45:00+0000,2020-03-31,14:45,5447.349999999933,30.4
2020-03-31 14:55:00+0000,2020-03-31,14:55,5712.879999999933,30.5
2020-03-31 17:55:00+0000,2020-03-31,17:55,3126.369999999984,38.9
2020-04-02 14:35:00+0000,2020-04-02,14:35,4712.2199999999775,26.4
2020-04-03 12:30:00+0000,2020-04-03,12:30,3412.73000000003,28.4
2020-04-08 06:00:00+0000,2020-04-08,06:00,3042.720000000013,44.6
2020-04-09 14:55:00+0000,2020-04-09,14:55,3599.060000000008,25.3
2020-04-13 10:10:00+0000,2020-04-13,10:10,2208.900000000009,26.6
2020-04-21 13:45:00+0000,2020-04-21,13:45,3254.4499999999925,35.2
2020-04-23 14:10:00+0000,2020-04-23,14:10,2257.710000000001,29.1
2020-04-23 14:20:00+0000,2020-04-23,14:20,3788.5800000000304,32.5
2020-04-30 14:55:00+0000,2020-04-30,14:55,4637.009999999995,43.6
2020-04-30 15:00:00+0000,2020-04-30,15:00,11408.59000000019,31.3
2020-05-01 14:35:00+0000,2020-05-01,14:35,2656.8500000000113,25.1
2020-05-13 13:20:00+0000,2020-05-13,13:20,4669.569999999991,25.3
2020-05-27 09:25:00+0000,2020-05-27,09:25,4890.42999999997,33.3
2020-05-27 09:55:00+0000,2020-05-27,09:55,3558.670000000004,30.7
2020-05-27 12:05:00+0000,2020-05-27,12:05,5140.399999999969,30.0
2020-06-04 11:45:00+0000,2020-06-04,11:45,5340.579999999933,55.1
2020-06-04 14:30:00+0000,2020-06-04,14:30,3723.60999999998,28.9
2020-06-05 12:30:00+0000,2020-06-05,12:30,6593.959999999899,51.0
2020-06-05 12:35:00+0000,2020-06-05,12:35,4132.019999999981,25.0
2020-06-05 12:40:00+0000,2020-06-05,12:40,4141.839999999989,27.8
2020-06-10 18:00:00+0000,2020-06-10,18:00,4695.709999999949,67.9
2020-06-10 18:40:00+0000,2020-06-10,18:40,3752.9399999999914,28.2
2020-06-10 18:50:00+0000,2020-06-10,18:50,3387.669999999998,25.2
2020-06-10 19:00:00+0000,2020-06-10,19:00,3193.029999999989,31.2
2020-06-19 12:30:00+0000,2020-06-19,12:30,3035.1599999999994,26.3
2020-06-19 15:00:00+0000,2020-06-19,15:00,3675.669999999983,33.7
2020-07-29 18:55:00+0000,2020-07-29,18:55,3301.369999999998,32.2
2020-07-30 12:55:00+0000,2020-07-30,12:55,2311.549999999987,25.4
2020-07-30 23:15:00+0000,2020-07-30,23:15,2291.9299999999917,28.5
2020-08-06 06:05:00+0000,2020-08-06,06:05,9529.63000000005,27.2
2020-08-06 14:05:00+0000,2020-08-06,14:05,9308.740000000003,26.7
2020-08-07 12:30:00+0000,2020-08-07,12:30,3594.3799999999783,27.5
2020-08-07 12:40:00+0000,2020-08-07,12:40,3595.579999999969,25.9
2020-08-07 13:15:00+0000,2020-08-07,13:15,3472.239999999985,25.9
2020-08-18 13:25:00+0000,2020-08-18,13:25,2193.5899999999924,25.1
2020-08-19 18:05:00+0000,2020-08-19,18:05,6359.899999999999,43.5
2020-08-27 12:45:00+0000,2020-08-27,12:45,2500.5199999999863,26.9
2020-08-27 13:05:00+0000,2020-08-27,13:05,5276.429999999956,48.8
2020-08-27 13:10:00+0000,2020-08-27,13:10,8825.680000000042,30.0
2020-08-27 13:30:00+0000,2020-08-27,13:30,5918.839999999924,39.1
2020-08-27 13:35:00+0000,2020-08-27,13:35,8431.13999999995,39.0
2020-08-27 13:45:00+0000,2020-08-27,13:45,4777.689999999958,29.3
2020-09-01 13:20:00+0000,2020-09-01,13:20,3143.299999999987,26.3
2020-09-01 14:00:00+0000,2020-09-01,14:00,4131.199999999954,35.3
2020-09-04 12:30:00+0000,2020-09-04,12:30,12176.060000000103,28.6
2020-09-04 12:35:00+0000,2020-09-04,12:35,9496.919999999984,28.3
2020-09-09 12:45:00+0000,2020-09-09,12:45,6166.17999999993,30.8
2020-09-10 12:30:00+0000,2020-09-10,12:30,7970.819999999897,48.4
2020-09-10 12:35:00+0000,2020-09-10,12:35,11846.520000000295,28.7
2020-09-16 18:00:00+0000,2020-09-16,18:00,5372.9099999999635,36.0
2020-09-16 18:05:00+0000,2020-09-16,18:05,7683.059999999906,27.4
2020-09-16 18:10:00+0000,2020-09-16,18:10,9086.149999999989,25.4
2020-09-16 18:40:00+0000,2020-09-16,18:40,7787.339999999903,28.0
2020-09-17 03:15:00+0000,2020-09-17,03:15,6660.489999999993,25.6
2020-10-06 18:50:00+0000,2020-10-06,18:50,9302.61000000002,31.2
2020-11-04 00:00:00+0000,2020-11-04,00:00,3643.570000000002,30.3
2020-11-04 00:55:00+0000,2020-11-04,00:55,7768.259999999962,29.0
2020-11-04 01:00:00+0000,2020-11-04,01:00,5341.459999999927,27.0
2020-11-04 01:25:00+0000,2020-11-04,01:25,7632.159999999994,32.2
2020-11-04 02:20:00+0000,2020-11-04,02:20,9598.550000000032,39.2
2020-11-04 02:40:00+0000,2020-11-04,02:40,6761.859999999922,32.4
2020-11-04 02:50:00+0000,2020-11-04,02:50,4817.539999999976,30.8
2020-11-04 03:00:00+0000,2020-11-04,03:00,7887.3799999999455,25.1
2020-11-04 03:15:00+0000,2020-11-04,03:15,8052.279999999926,27.5
2020-11-04 12:40:00+0000,2020-11-04,12:40,4324.190000000013,25.3
2020-11-05 23:45:00+0000,2020-11-05,23:45,1313.189999999996,30.8
2020-11-05 23:50:00+0000,2020-11-05,23:50,4307.719999999994,32.8
2020-11-09 15:35:00+0000,2020-11-09,15:35,6765.680000000001,28.8
2020-11-10 14:25:00+0000,2020-11-10,14:25,3334.980000000003,25.1
2020-12-10 12:45:00+0000,2020-12-10,12:45,4750.559999999981,30.0
2020-12-15 12:55:00+0000,2020-12-15,12:55,2619.0099999999934,26.4
2020-12-16 08:30:00+0000,2020-12-16,08:30,2661.2100000000023,36.1
2020-12-16 19:00:00+0000,2020-12-16,19:00,3292.259999999983,25.4
2020-12-16 19:15:00+0000,2020-12-16,19:15,2437.97,29.0
2021-01-06 00:50:00+0000,2021-01-06,00:50,2906.8900000000076,28.9
2021-01-08 16:15:00+0000,2021-01-08,16:15,2638.339999999995,25.8
2021-01-14 18:20:00+0000,2021-01-14,18:20,2110.2300000000037,25.5
2021-02-02 10:15:00+0000,2021-02-02,10:15,2982.7600000000207,25.9
2021-03-05 13:30:00+0000,2021-03-05,13:30,5681.179999999955,42.0
2021-03-11 13:10:00+0000,2021-03-11,13:10,2327.68,25.2
2021-03-17 18:00:00+0000,2021-03-17,18:00,4342.039999999965,52.6
2021-04-13 12:30:00+0000,2021-04-13,12:30,2092.370000000003,25.9
2021-04-28 18:00:00+0000,2021-04-28,18:00,2929.6200000000317,28.7
2021-04-30 14:50:00+0000,2021-04-30,14:50,1907.7599999999948,30.7
2021-05-04 15:10:00+0000,2021-05-04,15:10,3281.9099999999985,34.1
2021-05-07 12:30:00+0000,2021-05-07,12:30,6565.509999999975,72.8
2021-05-12 12:30:00+0000,2021-05-12,12:30,5079.249999999982,49.4
2021-05-12 12:50:00+0000,2021-05-12,12:50,2162.159999999992,36.0
2021-06-04 12:30:00+0000,2021-06-04,12:30,7439.689999999936,43.1
2021-06-10 12:30:00+0000,2021-06-10,12:30,6388.899999999936,28.6
2021-06-16 18:00:00+0000,2021-06-16,18:00,4676.879999999972,62.9
2021-07-02 12:30:00+0000,2021-07-02,12:30,5005.829999999972,42.4
2021-07-13 12:30:00+0000,2021-07-13,12:30,5105.729999999972,41.7
2021-07-22 11:45:00+0000,2021-07-22,11:45,3591.5500000000043,28.2
2021-07-28 18:00:00+0000,2021-07-28,18:00,4337.539999999975,40.7
2021-07-28 18:35:00+0000,2021-07-28,18:35,2516.829999999995,29.5
2021-08-04 14:00:00+0000,2021-08-04,14:00,2040.5799999999963,29.9
2021-08-06 12:30:00+0000,2021-08-06,12:30,5399.569999999934,26.6
2021-08-18 18:00:00+0000,2021-08-18,18:00,2125.359999999993,43.5
2021-08-27 14:00:00+0000,2021-08-27,14:00,6064.779999999931,49.1
2021-09-03 12:30:00+0000,2021-09-03,12:30,3580.789999999987,38.1
2021-09-03 12:35:00+0000,2021-09-03,12:35,3565.8999999999805,25.5
2021-09-14 12:30:00+0000,2021-09-14,12:30,2868.509999999985,29.9
2021-09-22 18:00:00+0000,2021-09-22,18:00,2905.889999999945,41.9
2021-09-22 18:35:00+0000,2021-09-22,18:35,2782.4899999999852,38.6
2021-10-28 12:40:00+0000,2021-10-28,12:40,2053.259999999989,30.6
2021-11-03 18:00:00+0000,2021-11-03,18:00,4148.819999999999,33.5
2021-11-15 17:20:00+0000,2021-11-15,17:20,876.8500000000029,28.6
2021-11-17 03:40:00+0000,2021-11-17,03:40,1997.44,45.6
2021-11-22 14:45:00+0000,2021-11-22,14:45,1090.1899999999994,26.0
2021-11-30 15:35:00+0000,2021-11-30,15:35,2820.840000000004,34.8
2021-11-30 15:50:00+0000,2021-11-30,15:50,4006.41,49.4
2021-11-30 15:55:00+0000,2021-11-30,15:55,3410.029999999997,38.6
2021-11-30 16:00:00+0000,2021-11-30,16:00,3013.4899999999934,33.4
2021-12-01 07:55:00+0000,2021-12-01,07:55,1514.2799999999943,25.6
2021-12-03 13:30:00+0000,2021-12-03,13:30,4852.05999999997,42.5
2021-12-10 13:30:00+0000,2021-12-10,13:30,2966.5799999999685,41.9
2021-12-15 19:00:00+0000,2021-12-15,19:00,3591.894999999998,37.5
2021-12-16 12:45:00+0000,2021-12-16,12:45,1737.2799999999863,27.2
2022-01-07 13:30:00+0000,2022-01-07,13:30,3608.319999999977,26.0
2022-01-12 13:35:00+0000,2022-01-12,13:35,1752.469999999994,25.2
2022-02-03 12:45:00+0000,2022-02-03,12:45,2453.580000000047,28.7
2022-02-03 13:40:00+0000,2022-02-03,13:40,3160.8100000000877,35.8
2022-02-03 13:45:00+0000,2022-02-03,13:45,3586.010000000089,26.6
2022-02-03 14:00:00+0000,2022-02-03,14:00,2506.9900000000725,35.9
2022-02-03 14:05:00+0000,2022-02-03,14:05,3063.300000000078,25.5
2022-02-04 13:30:00+0000,2022-02-04,13:30,3776.390000000088,30.1
2022-02-10 13:30:00+0000,2022-02-10,13:30,3676.640000000123,47.7
2022-02-10 13:35:00+0000,2022-02-10,13:35,2941.840000000083,27.1
2022-02-10 15:30:00+0000,2022-02-10,15:30,2194.7600000000016,26.7
2022-02-10 17:45:00+0000,2022-02-10,17:45,3145.820000000098,29.7
2022-02-11 18:35:00+0000,2022-02-11,18:35,2266.0000000000214,28.9
2022-02-11 18:55:00+0000,2022-02-11,18:55,3511.5500000000884,25.0
2022-02-14 12:35:00+0000,2022-02-14,12:35,1089.0999999999958,26.1
2022-02-17 03:55:00+0000,2022-02-17,03:55,3106.4000000000387,37.5
2022-02-17 04:10:00+0000,2022-02-17,04:10,2078.6099999999974,29.4
2022-02-17 08:25:00+0000,2022-02-17,08:25,2703.5200000000186,30.9
2022-02-24 16:05:00+0000,2022-02-24,16:05,1792.2700000000314,25.7
2022-02-24 17:25:00+0000,2022-02-24,17:25,791.0799999999964,27.5
2022-02-25 12:50:00+0000,2022-02-25,12:50,3462.9700000000366,31.7
2022-02-28 10:55:00+0000,2022-02-28,10:55,2453.190000000038,31.7
2022-03-02 09:30:00+0000,2022-03-02,09:30,3110.730000000037,28.5
2022-03-02 16:30:00+0000,2022-03-02,16:30,2662.3300000000286,55.9
2022-03-03 17:30:00+0000,2022-03-03,17:30,1812.8900000000076,30.3
2022-03-04 13:35:00+0000,2022-03-04,13:35,2114.460000000027,25.1
2022-03-06 23:00:00+0000,2022-03-06,23:00,1625.0300000000082,34.5
2022-03-07 03:25:00+0000,2022-03-07,03:25,1507.669999999999,29.8
2022-03-07 12:30:00+0000,2022-03-07,12:30,2184.460000000008,27.3
2022-03-07 12:40:00+0000,2022-03-07,12:40,2996.3200000000093,25.1
2022-03-08 08:10:00+0000,2022-03-08,08:10,4336.489999999977,49.6
2022-03-08 15:15:00+0000,2022-03-08,15:15,2179.8000000000197,31.6
2022-03-08 17:15:00+0000,2022-03-08,17:15,2012.8500000000352,33.1
2022-03-08 17:25:00+0000,2022-03-08,17:25,1262.9600000000069,29.0
2022-03-09 14:05:00+0000,2022-03-09,14:05,2259.970000000015,45.5
2022-03-10 09:00:00+0000,2022-03-10,09:00,4161.280000000013,47.5
2022-03-10 09:50:00+0000,2022-03-10,09:50,1817.9800000000096,28.4
2022-03-10 09:55:00+0000,2022-03-10,09:55,3677.369999999953,28.6
2022-03-10 12:45:00+0000,2022-03-10,12:45,5044.84999999997,75.2
2022-03-10 12:50:00+0000,2022-03-10,12:50,4456.700000000014,28.1
2022-03-10 13:35:00+0000,2022-03-10,13:35,3286.350000000039,26.5
2022-03-10 13:40:00+0000,2022-03-10,13:40,2724.0000000000173,34.4
2022-03-11 11:20:00+0000,2022-03-11,11:20,1634.720000000001,36.3
2022-03-11 11:25:00+0000,2022-03-11,11:25,3732.670000000064,35.1
2022-03-15 07:20:00+0000,2022-03-15,07:20,4393.030000000015,43.4
2022-03-16 08:15:00+0000,2022-03-16,08:15,1875.2300000000116,32.6
2022-03-16 10:10:00+0000,2022-03-16,10:10,2421.290000000011,26.7
2022-03-16 14:10:00+0000,2022-03-16,14:10,1465.2600000000048,32.3
2022-03-16 14:40:00+0000,2022-03-16,14:40,2583.6000000000467,35.2
2022-03-16 18:00:00+0000,2022-03-16,18:00,5383.009999999991,42.9
2022-03-17 10:00:00+0000,2022-03-17,10:00,3258.5500000000416,31.4
2022-03-28 08:45:00+0000,2022-03-28,08:45,3181.9100000000317,30.7
2022-03-29 09:05:00+0000,2022-03-29,09:05,3746.7100000000096,43.4
2022-03-29 11:40:00+0000,2022-03-29,11:40,4159.820000000074,34.8
2022-03-29 11:45:00+0000,2022-03-29,11:45,5838.600000000018,41.1
2022-03-31 13:10:00+0000,2022-03-31,13:10,2564.7800000000393,37.3
2022-03-31 14:55:00+0000,2022-03-31,14:55,4960.159999999968,35.1
2022-04-06 18:00:00+0000,2022-04-06,18:00,6659.849999999932,30.9
2022-04-07 11:05:00+0000,2022-04-07,11:05,3737.489999999996,27.5
2022-04-12 12:30:00+0000,2022-04-12,12:30,5924.159999999916,25.4
2022-04-14 11:45:00+0000,2022-04-14,11:45,6396.290000000005,45.6
2022-04-14 12:35:00+0000,2022-04-14,12:35,4634.4600000000255,27.6
2022-04-14 13:40:00+0000,2022-04-14,13:40,3716.6800000000608,30.9
2022-04-14 13:50:00+0000,2022-04-14,13:50,3666.940000000064,31.9
2022-04-14 15:05:00+0000,2022-04-14,15:05,1619.83999999999,28.8
2022-04-20 09:35:00+0000,2022-04-20,09:35,2035.9500000000128,28.5
2022-04-21 06:30:00+0000,2022-04-21,06:30,4750.860000000015,25.9
2022-04-25 06:10:00+0000,2022-04-25,06:10,2756.7900000000154,36.9
2022-04-25 11:20:00+0000,2022-04-25,11:20,3826.560000000005,25.6
2022-04-28 05:45:00+0000,2022-04-28,05:45,1459.1600000000074,27.0
2022-04-28 07:15:00+0000,2022-04-28,07:15,1718.4700000000123,27.9
2022-04-28 12:30:00+0000,2022-04-28,12:30,5465.099999999964,38.5
2022-05-04 18:00:00+0000,2022-05-04,18:00,6707.439999999777,37.5
2022-05-04 18:30:00+0000,2022-05-04,18:30,7728.719999999888,42.0
2022-05-04 18:35:00+0000,2022-05-04,18:35,8087.749999999902,43.8
2022-05-04 18:40:00+0000,2022-05-04,18:40,6984.589999999758,51.6
2022-05-04 18:45:00+0000,2022-05-04,18:45,7497.609999999879,35.3
2022-05-04 18:50:00+0000,2022-05-04,18:50,7041.68000000001,25.6
2022-05-04 19:00:00+0000,2022-05-04,19:00,7525.739999999746,37.6
2022-05-04 19:05:00+0000,2022-05-04,19:05,5475.239999999791,25.0
2022-05-06 07:50:00+0000,2022-05-06,07:50,3102.0300000000207,44.6
2022-05-06 12:30:00+0000,2022-05-06,12:30,7541.199999999924,25.6
2022-05-06 13:50:00+0000,2022-05-06,13:50,2856.280000000056,30.3
2022-05-11 12:30:00+0000,2022-05-11,12:30,6561.459999999843,41.7
2022-05-11 12:35:00+0000,2022-05-11,12:35,5808.45999999983,29.9
2022-05-12 07:10:00+0000,2022-05-12,07:10,3383.4500000000444,39.1
2022-05-12 07:15:00+0000,2022-05-12,07:15,4734.4600000000955,25.3
2022-05-17 10:15:00+0000,2022-05-17,10:15,2907.20000000001,36.7
2022-05-23 08:15:00+0000,2022-05-23,08:15,4012.1200000000017,27.3
2022-05-24 07:00:00+0000,2022-05-24,07:00,3131.550000000037,35.4
2022-05-31 10:50:00+0000,2022-05-31,10:50,3482.220000000053,28.8
2022-06-01 14:00:00+0000,2022-06-01,14:00,3165.1700000000023,25.7
2022-06-09 11:40:00+0000,2022-06-09,11:40,3230.6599999999903,26.2
2022-06-09 11:45:00+0000,2022-06-09,11:45,8769.99999999989,57.3
2022-06-09 11:50:00+0000,2022-06-09,11:50,8329.739999999885,31.6
2022-06-09 12:50:00+0000,2022-06-09,12:50,4980.639999999939,29.9
2022-06-09 13:20:00+0000,2022-06-09,13:20,4223.539999999985,30.6
2022-06-09 14:05:00+0000,2022-06-09,14:05,2031.310000000016,25.6
2022-06-10 12:30:00+0000,2022-06-10,12:30,6195.119999999925,45.3
2022-06-13 19:15:00+0000,2022-06-13,19:15,7109.950000000041,34.2
2022-06-15 07:45:00+0000,2022-06-15,07:45,4925.860000000018,40.1
2022-06-15 18:00:00+0000,2022-06-15,18:00,3644.538900000075,57.7
2022-06-15 18:15:00+0000,2022-06-15,18:15,2874.2000000000194,38.6
2022-06-15 18:35:00+0000,2022-06-15,18:35,3998.630000000048,59.1
2022-06-15 18:40:00+0000,2022-06-15,18:40,3934.1700000001297,35.6
2022-06-15 18:50:00+0000,2022-06-15,18:50,3243.4800000001,32.9
2022-06-16 11:25:00+0000,2022-06-16,11:25,3588.559999999993,31.2
2022-06-16 13:00:00+0000,2022-06-16,13:00,1658.010000000016,25.4
2022-06-16 17:25:00+0000,2022-06-16,17:25,3050.189999999997,26.2
2022-06-23 07:15:00+0000,2022-06-23,07:15,4996.349999999953,26.2
2022-06-24 14:00:00+0000,2022-06-24,14:00,3754.2600000000466,35.1
2022-06-29 07:00:00+0000,2022-06-29,07:00,4275.610000000044,28.7
2022-06-30 08:35:00+0000,2022-06-30,08:35,2979.059999999996,27.1
2022-06-30 14:50:00+0000,2022-06-30,14:50,2731.210000000025,29.2
2022-07-01 14:00:00+0000,2022-07-01,14:00,3188.329999999994,27.9
2022-07-05 08:45:00+0000,2022-07-05,08:45,1854.0600000000168,26.0
2022-07-07 09:00:00+0000,2022-07-07,09:00,2570.4500000000226,31.9
2022-07-08 07:40:00+0000,2022-07-08,07:40,2100.060000000015,25.2
2022-07-08 12:30:00+0000,2022-07-08,12:30,8394.120000000146,35.5
2022-07-08 12:35:00+0000,2022-07-08,12:35,6649.870000000003,25.5
2022-07-12 11:15:00+0000,2022-07-12,11:15,826.4199999999928,25.7
2022-07-13 12:25:00+0000,2022-07-13,12:25,2152.6000000000017,40.4
2022-07-13 12:30:00+0000,2022-07-13,12:30,4937.149999999935,63.1
2022-07-13 12:45:00+0000,2022-07-13,12:45,6892.51999999978,34.3
2022-07-13 12:50:00+0000,2022-07-13,12:50,7642.860000000073,28.6
2022-07-13 13:10:00+0000,2022-07-13,13:10,1845.4500000000305,26.1
2022-07-13 14:00:00+0000,2022-07-13,14:00,3031.7000000000467,25.9
2022-07-13 14:40:00+0000,2022-07-13,14:40,4087.9900000000425,28.2
2022-07-13 14:45:00+0000,2022-07-13,14:45,7083.140000000023,35.6
2022-07-14 13:20:00+0000,2022-07-14,13:20,2353.8699999999953,34.6
2022-07-14 13:50:00+0000,2022-07-14,13:50,2201.160000000036,26.6
2022-07-14 15:00:00+0000,2022-07-14,15:00,6535.3899999999385,41.0
2022-07-14 16:45:00+0000,2022-07-14,16:45,5987.499999999927,33.0
2022-07-15 12:30:00+0000,2022-07-15,12:30,6414.619999999928,25.9
2022-07-15 12:35:00+0000,2022-07-15,12:35,3432.8899999999926,27.8
2022-07-15 14:00:00+0000,2022-07-15,14:00,5023.009999999932,26.0
2022-07-18 07:05:00+0000,2022-07-18,07:05,3166.8799999999924,27.1
2022-07-19 07:30:00+0000,2022-07-19,07:30,4934.569999999996,29.9
2022-07-19 14:10:00+0000,2022-07-19,14:10,3302.4000000000005,29.0
2022-07-20 10:30:00+0000,2022-07-20,10:30,2537.619999999983,28.9
2022-07-20 12:50:00+0000,2022-07-20,12:50,2543.2900000000263,27.7
2022-07-21 12:15:00+0000,2022-07-21,12:15,8601.829999999816,55.6
2022-07-21 13:05:00+0000,2022-07-21,13:05,4553.469999999938,41.0
2022-07-21 13:10:00+0000,2022-07-21,13:10,5657.2499999998545,42.2
2022-07-21 13:25:00+0000,2022-07-21,13:25,4381.779999999929,33.6
2022-07-21 13:45:00+0000,2022-07-21,13:45,2242.7399999999943,27.7
2022-07-21 13:50:00+0000,2022-07-21,13:50,2753.310000000034,29.6
2022-07-22 07:15:00+0000,2022-07-22,07:15,3182.690000000025,26.0
2022-07-22 07:30:00+0000,2022-07-22,07:30,3396.070000000016,41.3
2022-07-22 13:45:00+0000,2022-07-22,13:45,7281.319999999815,28.9
2022-07-25 07:20:00+0000,2022-07-25,07:20,4424.910000000008,34.2
2022-07-25 08:00:00+0000,2022-07-25,08:00,3226.8700000000063,26.4
2022-07-25 14:25:00+0000,2022-07-25,14:25,3080.840000000005,32.5
2022-07-27 18:00:00+0000,2022-07-27,18:00,2169.110000000027,32.5
2022-07-27 18:30:00+0000,2022-07-27,18:30,3768.98999999995,37.0
2022-07-27 18:35:00+0000,2022-07-27,18:35,3549.6699999999155,47.3
2022-07-27 18:40:00+0000,2022-07-27,18:40,2871.799999999974,39.0
2022-07-27 18:50:00+0000,2022-07-27,18:50,2053.0800000000536,26.0
2022-08-01 14:00:00+0000,2022-08-01,14:00,7582.94000000007,29.8
2022-08-03 14:00:00+0000,2022-08-03,14:00,7324.869999999988,30.0
2022-08-05 12:30:00+0000,2022-08-05,12:30,7408.690000000098,64.9
2022-08-10 12:30:00+0000,2022-08-10,12:30,5615.449999999846,85.4
2022-08-10 12:35:00+0000,2022-08-10,12:35,4599.600000000046,30.0
2022-08-17 18:00:00+0000,2022-08-17,18:00,7256.040000000046,27.3
2022-08-23 07:30:00+0000,2022-08-23,07:30,5934.740000000044,26.1
2022-08-23 13:45:00+0000,2022-08-23,13:45,8558.760000000153,33.4
2022-08-24 14:50:00+0000,2022-08-24,14:50,6564.259999999949,34.5
2022-08-26 13:25:00+0000,2022-08-26,13:25,5997.859999999971,32.1
2022-08-26 14:00:00+0000,2022-08-26,14:00,8044.380000000053,46.6
2022-08-26 14:05:00+0000,2022-08-26,14:05,6591.609999999922,52.7
2022-09-01 14:00:00+0000,2022-09-01,14:00,6792.86999999993,38.2
2022-09-01 14:50:00+0000,2022-09-01,14:50,6193.1,25.0
2022-09-02 12:30:00+0000,2022-09-02,12:30,8417.890000000069,49.8
2022-09-02 16:20:00+0000,2022-09-02,16:20,3746.229999999954,31.5
2022-09-05 07:30:00+0000,2022-09-05,07:30,4553.74999999998,26.8
2022-09-08 12:10:00+0000,2022-09-08,12:10,3335.9399999999823,31.5
2022-09-08 12:15:00+0000,2022-09-08,12:15,9256.140000000252,33.1
2022-09-08 12:20:00+0000,2022-09-08,12:20,5540.080000000029,27.5
2022-09-08 12:55:00+0000,2022-09-08,12:55,4789.27000000007,32.2
2022-09-08 13:10:00+0000,2022-09-08,13:10,4078.2500000000855,28.1
2022-09-08 13:40:00+0000,2022-09-08,13:40,2679.3000000000234,27.8
2022-09-12 13:15:00+0000,2022-09-12,13:15,3734.1399999999458,26.8
2022-09-13 12:30:00+0000,2022-09-13,12:30,9892.35000000015,103.6
2022-09-13 12:35:00+0000,2022-09-13,12:35,8761.900000000114,36.3
2022-09-16 07:45:00+0000,2022-09-16,07:45,4757.019999999994,25.8
2022-09-21 06:00:00+0000,2022-09-21,06:00,6014.140000000083,28.9
2022-09-21 06:30:00+0000,2022-09-21,06:30,5480.610000000025,28.1
2022-09-21 18:00:00+0000,2022-09-21,18:00,8196.310000000025,59.7
2022-09-21 18:30:00+0000,2022-09-21,18:30,8188.39999999998,46.0
2022-09-21 18:35:00+0000,2022-09-21,18:35,10174.56000000017,36.3
2022-09-21 18:40:00+0000,2022-09-21,18:40,8753.710000000054,35.7
2022-09-21 18:45:00+0000,2022-09-21,18:45,8594.770000000159,29.4
2022-09-21 18:50:00+0000,2022-09-21,18:50,8611.610000000204,28.9
2022-09-21 19:10:00+0000,2022-09-21,19:10,8052.050000000193,28.7
2022-09-22 02:55:00+0000,2022-09-22,02:55,4865.779999999913,27.8
2022-09-22 08:00:00+0000,2022-09-22,08:00,4873.9399999999905,27.6
2022-09-22 08:40:00+0000,2022-09-22,08:40,7852.310000000088,27.1
2022-09-23 07:00:00+0000,2022-09-23,07:00,7764.020000000107,44.0
2022-09-26 00:55:00+0000,2022-09-26,00:55,7624.499999999912,108.2
2022-09-26 01:00:00+0000,2022-09-26,01:00,7318.889999999967,40.3
2022-09-26 01:05:00+0000,2022-09-26,01:05,6944.97000000003,42.5
2022-09-26 07:05:00+0000,2022-09-26,07:05,6924.130000000083,30.8
2022-09-26 15:30:00+0000,2022-09-26,15:30,6879.629999999914,27.8
2022-09-28 10:00:00+0000,2022-09-28,10:00,7761.789999999944,59.1
2022-09-28 10:05:00+0000,2022-09-28,10:05,9856.920000000173,32.7
2022-09-28 10:10:00+0000,2022-09-28,10:10,8349.400000000076,25.7
2022-09-28 13:40:00+0000,2022-09-28,13:40,6772.969999999925,33.1
2022-09-28 13:45:00+0000,2022-09-28,13:45,7786.799999999971,32.6
2022-09-28 16:00:00+0000,2022-09-28,16:00,4823.429999999999,26.2
2022-09-29 12:30:00+0000,2022-09-29,12:30,5214.689999999988,25.8
2022-09-29 14:10:00+0000,2022-09-29,14:10,5229.419999999896,29.1
2022-09-29 14:50:00+0000,2022-09-29,14:50,5009.829999999961,26.9
2022-09-30 07:05:00+0000,2022-09-30,07:05,3000.5099999999607,27.0
2022-09-30 12:25:00+0000,2022-09-30,12:25,4192.979999999955,26.8
2022-09-30 12:30:00+0000,2022-09-30,12:30,4718.949999999921,38.1
2022-10-03 14:00:00+0000,2022-10-03,14:00,7628.070000000034,29.2
2022-10-03 14:05:00+0000,2022-10-03,14:05,6596.209999999979,27.1
2022-10-03 14:20:00+0000,2022-10-03,14:20,6130.770000000009,30.6
2022-10-05 14:00:00+0000,2022-10-05,14:00,6147.059999999941,31.9
2022-10-07 12:30:00+0000,2022-10-07,12:30,9060.530000000004,49.0
2022-10-07 12:35:00+0000,2022-10-07,12:35,7437.40000000003,27.6
2022-10-10 14:30:00+0000,2022-10-10,14:30,4805.6699999999555,42.7
2022-10-11 15:55:00+0000,2022-10-11,15:55,4250.159999999981,25.7
2022-10-12 04:00:00+0000,2022-10-12,04:00,4222.339999999984,37.8
2022-10-12 07:25:00+0000,2022-10-12,07:25,6502.480000000015,25.8
2022-10-12 14:50:00+0000,2022-10-12,14:50,6327.949999999976,32.7
2022-10-13 12:30:00+0000,2022-10-13,12:30,10033.0799999998,102.9
2022-10-13 12:35:00+0000,2022-10-13,12:35,9425.930000000137,30.3
2022-10-13 12:50:00+0000,2022-10-13,12:50,5178.950000000031,25.9
2022-10-13 13:20:00+0000,2022-10-13,13:20,7544.710000000037,35.4
2022-10-13 13:45:00+0000,2022-10-13,13:45,6743.339999999978,35.5
2022-10-13 14:45:00+0000,2022-10-13,14:45,7472.250000000077,28.2
2022-10-13 15:05:00+0000,2022-10-13,15:05,5661.899999999951,31.4
2022-10-13 15:15:00+0000,2022-10-13,15:15,6601.799999999998,25.2
2022-10-13 15:20:00+0000,2022-10-13,15:20,8090.729999999888,28.0
2022-10-13 15:35:00+0000,2022-10-13,15:35,7422.320000000112,25.8
2022-10-14 13:40:00+0000,2022-10-14,13:40,8366.530000000048,26.2
2022-10-14 14:00:00+0000,2022-10-14,14:00,8867.280000000097,28.9
2022-10-20 04:15:00+0000,2022-10-20,04:15,2153.009999999985,25.9
2022-10-21 12:55:00+0000,2022-10-21,12:55,5806.0599999998885,50.7
2022-10-21 13:10:00+0000,2022-10-21,13:10,9121.460000000094,34.8
2022-10-21 13:35:00+0000,2022-10-21,13:35,9061.739999999982,25.7
2022-10-21 15:20:00+0000,2022-10-21,15:20,9115.20999999999,25.4
2022-10-21 15:45:00+0000,2022-10-21,15:45,9791.96000000006,31.0
2022-10-23 22:10:00+0000,2022-10-23,22:10,4283.51999999999,37.3
2022-10-23 23:35:00+0000,2022-10-23,23:35,7368.799999999992,36.6
2022-10-23 23:40:00+0000,2022-10-23,23:40,8781.479999999878,30.6
2022-10-24 11:45:00+0000,2022-10-24,11:45,5998.139999999922,27.7
2022-10-24 13:45:00+0000,2022-10-24,13:45,9237.490000000033,37.8
2022-10-27 12:15:00+0000,2022-10-27,12:15,4744.149999999993,28.9
2022-10-27 12:25:00+0000,2022-10-27,12:25,3182.7299999999486,25.3
2022-10-27 12:30:00+0000,2022-10-27,12:30,4977.309999999882,25.9
2022-10-27 13:15:00+0000,2022-10-27,13:15,5185.109999999887,29.7
2022-10-27 15:35:00+0000,2022-10-27,15:35,5520.810000000036,25.4
2022-10-28 08:00:00+0000,2022-10-28,08:00,4393.369999999965,26.5
2022-10-28 12:30:00+0000,2022-10-28,12:30,7054.069999999942,32.5
2022-11-01 14:00:00+0000,2022-11-01,14:00,3994.6499999998778,27.2
2022-11-01 16:05:00+0000,2022-11-01,16:05,4369.579999999912,36.6
2022-11-02 18:00:00+0000,2022-11-02,18:00,6682.709999999949,72.6
2022-11-02 18:35:00+0000,2022-11-02,18:35,9480.130000000205,67.1
2022-11-02 18:50:00+0000,2022-11-02,18:50,8085.020000000009,40.4
2022-11-02 19:05:00+0000,2022-11-02,19:05,5528.259999999947,27.4
2022-11-02 19:15:00+0000,2022-11-02,19:15,5299.5799999999745,27.3
2022-11-02 19:20:00+0000,2022-11-02,19:20,7156.930000000073,29.7
2022-11-04 11:10:00+0000,2022-11-04,11:10,5487.61999999993,26.5
2022-11-04 12:30:00+0000,2022-11-04,12:30,7966.460000000098,38.2
2022-11-04 12:35:00+0000,2022-11-04,12:35,8627.719999999936,36.7
2022-11-04 12:45:00+0000,2022-11-04,12:45,8157.429999999961,26.1
2022-11-04 12:55:00+0000,2022-11-04,12:55,7565.549999999827,31.1
2022-11-08 15:15:00+0000,2022-11-08,15:15,5693.979999999953,26.1
2022-11-09 15:00:00+0000,2022-11-09,15:00,3997.1599999999135,29.5
2022-11-09 15:05:00+0000,2022-11-09,15:05,4943.379999999943,28.3
2022-11-09 15:10:00+0000,2022-11-09,15:10,7728.680000000059,29.6
2022-11-10 10:20:00+0000,2022-11-10,10:20,4469.019999999963,26.6
2022-11-10 13:30:00+0000,2022-11-10,13:30,9413.45000000018,135.8
2022-11-10 13:35:00+0000,2022-11-10,13:35,9053.179999999958,30.0
2022-11-10 13:40:00+0000,2022-11-10,13:40,8010.34000000002,32.4
2022-11-10 13:45:00+0000,2022-11-10,13:45,7805.719999999873,42.3
2022-11-10 15:10:00+0000,2022-11-10,15:10,6039.879999999992,27.3
2022-11-14 12:55:00+0000,2022-11-14,12:55,5013.4199999999755,25.4
2022-11-15 07:20:00+0000,2022-11-15,07:20,5317.480000000004,34.9
2022-11-15 07:45:00+0000,2022-11-15,07:45,6512.609999999996,30.5
2022-11-15 13:30:00+0000,2022-11-15,13:30,9675.910000000182,68.0
2022-11-15 13:35:00+0000,2022-11-15,13:35,9338.639999999989,25.1
2022-11-15 13:40:00+0000,2022-11-15,13:40,8227.830000000009,29.3
2022-11-15 13:50:00+0000,2022-11-15,13:50,9343.820000000183,34.4
2022-11-15 18:25:00+0000,2022-11-15,18:25,8800.7000000001,59.0
2022-11-15 18:30:00+0000,2022-11-15,18:30,8090.690000000058,32.0
2022-11-15 18:40:00+0000,2022-11-15,18:40,8197.080000000064,31.5
2022-11-15 19:00:00+0000,2022-11-15,19:00,6323.799999999992,32.2
2022-11-15 19:20:00+0000,2022-11-15,19:20,8556.670000000264,40.0
2022-11-15 19:25:00+0000,2022-11-15,19:25,5298.639999999935,27.9
2022-11-15 19:55:00+0000,2022-11-15,19:55,5475.939999999935,25.1
2022-11-16 02:00:00+0000,2022-11-16,02:00,6026.690000000035,25.8
2022-11-16 13:30:00+0000,2022-11-16,13:30,9424.230000000069,29.5
2022-11-16 17:50:00+0000,2022-11-16,17:50,4512.709999999984,26.5
2022-11-23 14:45:00+0000,2022-11-23,14:45,6834.7200000000685,34.2
2022-11-23 19:00:00+0000,2022-11-23,19:00,7869.320000000073,34.3
2022-11-29 13:50:00+0000,2022-11-29,13:50,6358.81000000003,32.5
2022-11-30 18:30:00+0000,2022-11-30,18:30,10644.920000000282,47.2
2022-11-30 18:35:00+0000,2022-11-30,18:35,10500.520000000266,42.1
2022-11-30 19:05:00+0000,2022-11-30,19:05,5358.039999999956,25.4
2022-12-01 07:55:00+0000,2022-12-01,07:55,7214.370000000101,28.0
2022-12-01 13:30:00+0000,2022-12-01,13:30,6895.729999999972,35.7
2022-12-01 15:15:00+0000,2022-12-01,15:15,6460.179999999989,25.7
2022-12-02 13:30:00+0000,2022-12-02,13:30,12250.860000000215,96.5
2022-12-02 13:40:00+0000,2022-12-02,13:40,10452.240000000033,28.7
2022-12-05 15:00:00+0000,2022-12-05,15:00,8556.42999999976,45.9
2022-12-07 15:10:00+0000,2022-12-07,15:10,9814.020000000186,30.7
2022-12-09 13:30:00+0000,2022-12-09,13:30,7612.240000000037,63.6
2022-12-09 15:00:00+0000,2022-12-09,15:00,8591.290000000185,25.6
2022-12-13 13:30:00+0000,2022-12-13,13:30,8213.209999999834,95.2
2022-12-13 13:40:00+0000,2022-12-13,13:40,7853.939999999929,25.3
2022-12-13 13:45:00+0000,2022-12-13,13:45,7472.879999999875,26.0
2022-12-13 13:50:00+0000,2022-12-13,13:50,7807.829999999957,25.7
2022-12-14 19:00:00+0000,2022-12-14,19:00,7086.310000000005,47.9
2022-12-14 19:05:00+0000,2022-12-14,19:05,8758.410000000013,25.5
2022-12-14 19:30:00+0000,2022-12-14,19:30,9705.140000000094,35.7
2022-12-14 19:40:00+0000,2022-12-14,19:40,8916.239999999887,54.9
2022-12-14 19:45:00+0000,2022-12-14,19:45,8444.620000000059,28.3
2022-12-14 19:50:00+0000,2022-12-14,19:50,8721.3500000001,30.6
2022-12-15 13:15:00+0000,2022-12-15,13:15,4060.61999999998,28.8
2022-12-15 14:05:00+0000,2022-12-15,14:05,6700.1899999999505,47.6
2022-12-15 14:10:00+0000,2022-12-15,14:10,6860.639999999919,30.4
2022-12-15 14:15:00+0000,2022-12-15,14:15,5894.719999999989,27.2
2022-12-15 17:05:00+0000,2022-12-15,17:05,3823.339999999992,28.9
2022-12-20 03:00:00+0000,2022-12-20,03:00,4949.000000000019,28.5
2022-12-20 03:15:00+0000,2022-12-20,03:15,5967.54999999998,43.4
2022-12-23 13:30:00+0000,2022-12-23,13:30,8225.020000000124,27.8
2022-12-23 13:35:00+0000,2022-12-23,13:35,6208.53999999992,29.3
2022-12-26 00:55:00+0000,2022-12-26,00:55,469.1299999999984,31.8
2023-01-04 15:00:00+0000,2023-01-04,15:00,6764.1899999999805,33.1
2023-01-05 15:05:00+0000,2023-01-05,15:05,5384.609999999936,37.0
2023-01-06 13:30:00+0000,2023-01-06,13:30,7496.179999999916,48.5
2023-01-06 13:35:00+0000,2023-01-06,13:35,7603.879999999976,26.3
2023-01-06 13:40:00+0000,2023-01-06,13:40,8124.5899999998865,30.8
2023-01-06 15:00:00+0000,2023-01-06,15:00,8041.039999999859,33.6
2023-01-06 15:15:00+0000,2023-01-06,15:15,6043.769999999948,29.7
2023-01-11 18:15:00+0000,2023-01-11,18:15,5437.1999999999725,27.5
2023-01-12 13:25:00+0000,2023-01-12,13:25,4054.170000000035,44.8
2023-01-12 13:30:00+0000,2023-01-12,13:30,11179.950000000035,77.6
2023-01-12 13:35:00+0000,2023-01-12,13:35,10891.04999999997,44.7
2023-01-12 13:45:00+0000,2023-01-12,13:45,10928.600000000064,38.2
2023-01-12 14:50:00+0000,2023-01-12,14:50,8160.640000000034,27.8
2023-01-12 15:10:00+0000,2023-01-12,15:10,8206.010000000042,26.7
2023-01-17 15:00:00+0000,2023-01-17,15:00,8532.550000000007,29.1
2023-01-18 14:35:00+0000,2023-01-18,14:35,3885.650000000016,26.4
2023-01-25 15:00:00+0000,2023-01-25,15:00,6192.720000000026,25.6
2023-01-31 13:30:00+0000,2023-01-31,13:30,6616.3399999998255,28.3
2023-02-01 19:00:00+0000,2023-02-01,19:00,11275.0600000002,33.6
2023-02-01 19:30:00+0000,2023-02-01,19:30,9783.369999999924,26.4
2023-02-01 19:35:00+0000,2023-02-01,19:35,10935.549999999956,41.5
2023-02-01 19:40:00+0000,2023-02-01,19:40,11413.080000000084,39.0
2023-02-01 23:10:00+0000,2023-02-01,23:10,2911.9000000000065,29.2
2023-02-02 13:15:00+0000,2023-02-02,13:15,7786.379999999995,41.1
2023-02-02 14:35:00+0000,2023-02-02,14:35,4013.7700000000696,26.5
2023-02-03 13:30:00+0000,2023-02-03,13:30,15148.100000000191,82.7
2023-02-03 15:00:00+0000,2023-02-03,15:00,9670.210000000106,40.8
2023-02-03 15:10:00+0000,2023-02-03,15:10,7017.559999999979,26.5
2023-02-07 17:45:00+0000,2023-02-07,17:45,10580.04000000012,30.7
2023-02-07 17:55:00+0000,2023-02-07,17:55,8333.660000000065,26.0
2023-02-14 13:30:00+0000,2023-02-14,13:30,10154.10999999974,86.5
2023-02-14 13:35:00+0000,2023-02-14,13:35,9221.540000000035,39.4
2023-02-14 13:45:00+0000,2023-02-14,13:45,8461.749999999929,30.6
2023-02-14 13:50:00+0000,2023-02-14,13:50,8054.689999999892,29.3
2023-02-16 13:30:00+0000,2023-02-16,13:30,9379.310000000069,28.8
2023-02-23 13:30:00+0000,2023-02-23,13:30,8643.930000000204,25.5
2023-02-24 13:30:00+0000,2023-02-24,13:30,10732.590000000266,32.0
2023-03-07 15:00:00+0000,2023-03-07,15:00,9339.100000000048,47.5
2023-03-07 15:50:00+0000,2023-03-07,15:50,6831.609999999979,30.7
2023-03-08 15:00:00+0000,2023-03-08,15:00,8854.640000000085,26.9
2023-03-08 15:20:00+0000,2023-03-08,15:20,7467.720000000056,32.9
2023-03-10 13:30:00+0000,2023-03-10,13:30,7154.439999999912,42.1
2023-03-14 12:30:00+0000,2023-03-14,12:30,9786.71000000006,49.8
2023-03-14 12:35:00+0000,2023-03-14,12:35,9717.679999999908,28.1
2023-03-15 10:35:00+0000,2023-03-15,10:35,5805.620000000019,25.5
2023-03-15 12:05:00+0000,2023-03-15,12:05,3320.7799999999497,26.1
2023-03-15 13:25:00+0000,2023-03-15,13:25,4589.059999999945,28.3
2023-03-15 18:25:00+0000,2023-03-15,18:25,6581.6999999999925,36.0
2023-03-16 12:40:00+0000,2023-03-16,12:40,6612.200000000021,43.9
2023-03-16 13:15:00+0000,2023-03-16,13:15,7886.659999999973,31.5
2023-03-16 13:20:00+0000,2023-03-16,13:20,6513.250000000009,48.5
2023-03-16 13:25:00+0000,2023-03-16,13:25,6685.880000000045,27.6
2023-03-16 13:50:00+0000,2023-03-16,13:50,3941.890000000008,35.8
2023-03-22 18:00:00+0000,2023-03-22,18:00,7868.000000000052,60.9
2023-03-22 18:35:00+0000,2023-03-22,18:35,7727.709999999949,34.8
2023-03-22 18:40:00+0000,2023-03-22,18:40,7650.050000000027,31.6
2023-03-22 18:45:00+0000,2023-03-22,18:45,7615.639999999945,31.2
2023-03-22 19:00:00+0000,2023-03-22,19:00,8155.539999999976,25.2
2023-03-24 08:05:00+0000,2023-03-24,08:05,5949.030000000008,41.1
2023-03-24 08:15:00+0000,2023-03-24,08:15,5118.37000000002,27.7
2023-03-24 09:45:00+0000,2023-03-24,09:45,6477.109999999964,33.7
2023-04-02 22:30:00+0000,2023-04-02,22:30,2053.28000000001,25.5
2023-04-04 14:00:00+0000,2023-04-04,14:00,7717.210000000124,30.8
2023-04-05 14:00:00+0000,2023-04-05,14:00,7190.10999999997,27.1
2023-04-07 12:30:00+0000,2023-04-07,12:30,5963.95000000003,27.7
2023-04-12 12:30:00+0000,2023-04-12,12:30,10397.28999999995,62.3
2023-04-14 12:30:00+0000,2023-04-14,12:30,9095.719999999996,44.8
2023-04-20 12:30:00+0000,2023-04-20,12:30,7532.09000000005,29.6
2023-04-21 13:45:00+0000,2023-04-21,13:45,8259.179999999982,29.1
2023-04-26 13:20:00+0000,2023-04-26,13:20,4833.8700000000035,38.5
2023-04-27 12:30:00+0000,2023-04-27,12:30,9101.300000000092,42.3
2023-04-28 12:30:00+0000,2023-04-28,12:30,8352.600000000046,30.9
2023-05-02 14:00:00+0000,2023-05-02,14:00,7520.960000000009,28.2
2023-05-03 18:00:00+0000,2023-05-03,18:00,8229.79000000006,44.4
2023-05-04 12:15:00+0000,2023-05-04,12:15,7865.590000000139,38.0
2023-05-04 13:00:00+0000,2023-05-04,13:00,8015.259999999884,32.1
2023-05-04 13:05:00+0000,2023-05-04,13:05,6817.0800000000245,32.8
2023-05-05 12:30:00+0000,2023-05-05,12:30,10192.990000000153,39.4
2023-05-10 12:30:00+0000,2023-05-10,12:30,9358.379999999986,45.2
2023-05-19 15:15:00+0000,2023-05-19,15:15,6854.339999999929,25.6
2023-05-31 14:00:00+0000,2023-05-31,14:00,7529.739999999953,26.8
2023-06-02 12:30:00+0000,2023-06-02,12:30,8910.490000000056,28.8
2023-06-05 14:00:00+0000,2023-06-05,14:00,8363.489999999956,34.1
2023-06-13 12:30:00+0000,2023-06-13,12:30,9373.710000000056,39.6
2023-06-14 18:00:00+0000,2023-06-14,18:00,7210.300000000032,47.3
2023-06-15 12:15:00+0000,2023-06-15,12:15,4454.479999999953,25.1
2023-06-15 12:30:00+0000,2023-06-15,12:30,7766.43000000004,35.3
2023-06-23 07:15:00+0000,2023-06-23,07:15,5899.129999999894,38.6
2023-06-23 07:30:00+0000,2023-06-23,07:30,5722.549999999949,25.9
2023-06-29 12:30:00+0000,2023-06-29,12:30,7352.209999999895,32.1
2023-07-06 12:15:00+0000,2023-07-06,12:15,7637.479999999988,36.3
2023-07-06 14:05:00+0000,2023-07-06,14:05,5600.089999999984,26.0
2023-07-07 12:30:00+0000,2023-07-07,12:30,8340.46999999996,37.8
2023-07-12 12:30:00+0000,2023-07-12,12:30,8352.049999999943,45.9
2023-07-13 12:30:00+0000,2023-07-13,12:30,7475.789999999972,26.6
2023-07-18 12:30:00+0000,2023-07-18,12:30,8277.599999999955,42.4
2023-07-24 07:30:00+0000,2023-07-24,07:30,7082.0600000000395,44.4
2023-07-26 18:35:00+0000,2023-07-26,18:35,8695.159999999985,29.5
2023-07-27 12:15:00+0000,2023-07-27,12:15,7144.230000000013,25.9
2023-07-27 13:00:00+0000,2023-07-27,13:00,8225.460000000006,29.1
2023-08-04 12:30:00+0000,2023-08-04,12:30,9609.390000000058,43.7
2023-08-04 12:40:00+0000,2023-08-04,12:40,7312.1300000000065,25.4
2023-08-10 12:30:00+0000,2023-08-10,12:30,9144.100000000004,35.4
2023-08-15 12:30:00+0000,2023-08-15,12:30,8338.099999999993,29.1
2023-08-23 07:30:00+0000,2023-08-23,07:30,6259.619999999934,54.6
2023-08-25 14:00:00+0000,2023-08-25,14:00,6320.289999999968,44.7
2023-08-25 14:05:00+0000,2023-08-25,14:05,6814.499999999957,26.0
2023-08-25 14:15:00+0000,2023-08-25,14:15,7064.559999999942,30.1
2023-08-29 14:00:00+0000,2023-08-29,14:00,7662.8599999999615,45.1
2023-09-01 12:30:00+0000,2023-09-01,12:30,7941.430000000013,43.6
2023-09-01 14:00:00+0000,2023-09-01,14:00,7958.569999999905,28.7
2023-09-06 14:00:00+0000,2023-09-06,14:00,7611.390000000002,35.0
2023-09-12 01:10:00+0000,2023-09-12,01:10,2332.9299999999994,25.0
2023-09-13 12:30:00+0000,2023-09-13,12:30,9826.190000000046,36.8
2023-09-13 12:35:00+0000,2023-09-13,12:35,8562.839999999811,29.6
2023-09-14 12:15:00+0000,2023-09-14,12:15,8186.209999999864,56.2
2023-09-14 12:30:00+0000,2023-09-14,12:30,7851.119999999902,45.1
2023-09-20 18:00:00+0000,2023-09-20,18:00,8022.090000000015,52.6
2023-09-20 18:30:00+0000,2023-09-20,18:30,7560.609999999916,25.5
2023-09-22 07:15:00+0000,2023-09-22,07:15,7663.689999999948,49.3
2023-09-22 07:30:00+0000,2023-09-22,07:30,5584.18999999995,29.3
2023-09-28 12:30:00+0000,2023-09-28,12:30,6664.499999999989,25.7
2023-10-03 14:00:00+0000,2023-10-03,14:00,8044.519999999913,27.5
2023-10-03 14:10:00+0000,2023-10-03,14:10,8240.869999999835,27.3
2023-10-04 12:15:00+0000,2023-10-04,12:15,7127.939999999967,26.0
2023-10-06 12:30:00+0000,2023-10-06,12:30,9240.399999999909,57.4
2023-10-12 12:30:00+0000,2023-10-12,12:30,8591.849999999935,43.1
2023-10-17 12:30:00+0000,2023-10-17,12:30,6270.730000000014,27.0
2023-10-19 16:00:00+0000,2023-10-19,16:00,8426.360000000055,60.2
2023-10-26 12:30:00+0000,2023-10-26,12:30,7954.770000000025,28.5
2023-10-31 09:55:00+0000,2023-10-31,09:55,5057.1899999999905,25.6
2023-10-31 12:30:00+0000,2023-10-31,12:30,5487.040000000007,25.3
2023-11-01 14:00:00+0000,2023-11-01,14:00,8660.750000000011,30.3
2023-11-03 12:30:00+0000,2023-11-03,12:30,7984.260000000057,42.2
2023-11-03 14:00:00+0000,2023-11-03,14:00,7500.159999999898,25.2
2023-11-09 18:00:00+0000,2023-11-09,18:00,5641.6600000000135,29.2
2023-11-14 13:30:00+0000,2023-11-14,13:30,4292.640000000024,83.4
2023-11-15 13:30:00+0000,2023-11-15,13:30,7531.379999999994,32.9
2023-12-05 15:00:00+0000,2023-12-05,15:00,6515.249999999977,29.7
2023-12-08 13:30:00+0000,2023-12-08,13:30,8868.649999999854,47.6
2023-12-12 13:30:00+0000,2023-12-12,13:30,9241.71000000001,42.7
2023-12-13 19:00:00+0000,2023-12-13,19:00,8666.160000000024,64.0
2023-12-14 13:15:00+0000,2023-12-14,13:15,5982.789999999943,26.9
2023-12-14 14:10:00+0000,2023-12-14,14:10,5453.379999999957,33.1
2023-12-15 08:15:00+0000,2023-12-15,08:15,5721.480000000007,28.8
2023-12-15 13:30:00+0000,2023-12-15,13:30,5388.32999999998,25.2
2023-12-28 13:55:00+0000,2023-12-28,13:55,4349.859999999972,25.1
2024-01-03 15:00:00+0000,2024-01-03,15:00,6961.589999999949,26.1
2024-01-05 13:30:00+0000,2024-01-05,13:30,7255.419999999876,42.7
2024-01-05 13:40:00+0000,2024-01-05,13:40,6585.009999999913,25.3
2024-01-05 15:00:00+0000,2024-01-05,15:00,8558.590000000013,40.7
2024-01-11 13:30:00+0000,2024-01-11,13:30,9149.989999999923,60.0
2024-01-25 13:30:00+0000,2024-01-25,13:30,9923.16000000009,27.8
2024-01-31 19:00:00+0000,2024-01-31,19:00,7644.299999999914,42.3
2024-01-31 19:35:00+0000,2024-01-31,19:35,7691.909999999862,30.2
2024-01-31 20:00:00+0000,2024-01-31,20:00,7162.169999999932,45.4
2024-02-02 13:30:00+0000,2024-02-02,13:30,7980.509999999839,63.1
2024-02-09 13:30:00+0000,2024-02-09,13:30,8795.179999999982,26.4
2024-02-13 13:30:00+0000,2024-02-13,13:30,8325.289999999894,74.5
2024-02-15 13:30:00+0000,2024-02-15,13:30,8624.160000000042,25.7
2024-02-16 13:30:00+0000,2024-02-16,13:30,6459.339999999954,26.4
2024-02-22 08:15:00+0000,2024-02-22,08:15,5252.51000000001,28.6
2024-02-22 08:30:00+0000,2024-02-22,08:30,3644.3100000000336,28.2
2024-03-05 15:00:00+0000,2024-03-05,15:00,5948.060000000004,31.0
2024-03-08 13:30:00+0000,2024-03-08,13:30,9067.800000000052,52.9
2024-03-12 12:30:00+0000,2024-03-12,12:30,9604.549999999872,39.0
2024-04-03 14:00:00+0000,2024-04-03,14:00,4776.130000000005,28.7
2024-04-05 12:30:00+0000,2024-04-05,12:30,6663.1599999998925,42.5
2024-04-10 12:30:00+0000,2024-04-10,12:30,6278.419999999929,76.3
2024-04-11 12:30:00+0000,2024-04-11,12:30,6154.419999999885,30.7
2024-04-23 07:30:00+0000,2024-04-23,07:30,4516.070000000017,30.6
2024-04-23 13:45:00+0000,2024-04-23,13:45,6730.739999999989,42.0
2024-04-25 12:30:00+0000,2024-04-25,12:30,7842.579999999945,45.5
2024-04-30 12:30:00+0000,2024-04-30,12:30,5635.869999999929,32.1
2024-05-01 18:00:00+0000,2024-05-01,18:00,7481.729999999914,25.5
2024-05-01 18:35:00+0000,2024-05-01,18:35,7526.259999999875,32.4
2024-05-03 12:30:00+0000,2024-05-03,12:30,5967.549999999904,61.6
2024-05-03 14:00:00+0000,2024-05-03,14:00,7180.269999999924,32.0
2024-05-14 12:30:00+0000,2024-05-14,12:30,6467.919999999928,29.3
2024-05-15 12:30:00+0000,2024-05-15,12:30,6111.0999999999085,40.7
2024-05-23 13:45:00+0000,2024-05-23,13:45,4639.439999999967,27.4
2024-06-07 12:30:00+0000,2024-06-07,12:30,6023.879999999839,66.9
2024-06-12 12:30:00+0000,2024-06-12,12:30,4623.710000000051,61.7
2024-06-12 18:00:00+0000,2024-06-12,18:00,8197.750000000005,26.7
2024-06-13 12:30:00+0000,2024-06-13,12:30,5872.039999999987,31.1
2024-07-05 12:30:00+0000,2024-07-05,12:30,6238.650000000009,43.0
2024-07-11 12:30:00+0000,2024-07-11,12:30,6341.019999999893,48.0
2024-08-02 12:30:00+0000,2024-08-02,12:30,6159.689999999935,42.3
2024-08-14 12:30:00+0000,2024-08-14,12:30,4212.530000000029,31.5
2024-08-15 12:30:00+0000,2024-08-15,12:30,2959.800000000032,40.4
2024-08-23 14:00:00+0000,2024-08-23,14:00,4081.309999999975,40.4
2024-08-29 08:00:00+0000,2024-08-29,08:00,4189.0100000000175,36.2
2024-09-04 14:00:00+0000,2024-09-04,14:00,5885.820000000034,29.3
2024-09-06 12:30:00+0000,2024-09-06,12:30,5509.799999999947,76.0
2024-09-06 15:00:00+0000,2024-09-06,15:00,10197.810000000089,33.9
2024-09-11 12:30:00+0000,2024-09-11,12:30,5848.169999999946,27.9
2024-09-18 18:00:00+0000,2024-09-18,18:00,4956.539999999968,54.3
2024-09-18 18:40:00+0000,2024-09-18,18:40,8186.81999999993,26.8
2024-10-04 12:30:00+0000,2024-10-04,12:30,3859.4299999999857,65.3
2024-10-10 12:30:00+0000,2024-10-10,12:30,5565.449999999983,46.0
2024-10-17 12:30:00+0000,2024-10-17,12:30,3808.090000000013,26.5
2024-10-24 07:30:00+0000,2024-10-24,07:30,2046.0699999999963,25.2
2024-11-01 12:30:00+0000,2024-11-01,12:30,6121.43999999991,37.1
2024-11-06 00:10:00+0000,2024-11-06,00:10,5364.6000000000395,37.8
2024-11-06 02:25:00+0000,2024-11-06,02:25,4940.759999999997,25.9
2024-11-07 19:00:00+0000,2024-11-07,19:00,4050.679999999989,28.1
2024-11-13 13:30:00+0000,2024-11-13,13:30,5066.410000000007,28.4
2024-11-13 14:50:00+0000,2024-11-13,14:50,5790.899999999974,27.7
2024-11-13 15:05:00+0000,2024-11-13,15:05,4692.39999999998,26.6
2024-11-15 13:30:00+0000,2024-11-15,13:30,6031.150000000002,35.7
2024-11-19 09:15:00+0000,2024-11-19,09:15,6357.229999999994,29.8
2024-11-21 16:15:00+0000,2024-11-21,16:15,6858.800000000033,29.3
2024-11-22 08:15:00+0000,2024-11-22,08:15,5660.230000000001,29.6
2024-11-22 09:10:00+0000,2024-11-22,09:10,5386.639999999949,85.9
2024-11-22 09:15:00+0000,2024-11-22,09:15,5262.349999999971,53.4
2024-11-27 08:20:00+0000,2024-11-27,08:20,6037.6799999999075,25.9
2024-12-06 13:30:00+0000,2024-12-06,13:30,6252.089999999974,46.9
2024-12-11 13:30:00+0000,2024-12-11,13:30,6707.629999999985,30.6
2024-12-12 13:15:00+0000,2024-12-12,13:15,2898.87000000004,28.5
2024-12-18 19:00:00+0000,2024-12-18,19:00,3436.7900000000445,55.6
